{"count":1,"self":4447.0607872,"total":15049.3105616,"children":{"InitializeActuators":{"count":10,"self":0.0019947999999999997,"total":0.0019947999999999997,"children":null},"InitializeSensors":{"count":10,"self":0.0039895,"total":0.0039895,"children":null},"AgentSendState":{"count":3431201,"self":864.8738816,"total":1460.3719316,"children":{"CollectObservations":{"count":6862410,"self":269.80426239999997,"total":269.8042716,"children":null},"WriteActionMask":{"count":6862410,"self":7.745844,"total":7.7458442,"children":null},"RequestDecision":{"count":6862410,"self":32.2496128,"total":317.9479781,"children":{"AgentInfo.ToProto":{"count":6862410,"self":26.877174399999998,"total":285.6983661,"children":{"GenerateSensorData":{"count":6862410,"self":194.3914112,"total":258.82119109999996,"children":{"RayPerceptionSensor.Perceive":{"count":13724820,"self":64.4297792,"total":64.42978149999999,"children":null}}}}}}}}},"DecideAction":{"count":3431201,"self":9018.2148096,"total":9018.2149656,"children":null},"AgentAct":{"count":3431201,"self":90.4574272,"total":90.457424899999992,"children":null},"AgentInfo.ToProto":{"count":570987,"self":4.6328608,"total":33.19845,"children":{"GenerateSensorData":{"count":570987,"self":21.779256,"total":28.565589199999998,"children":{"RayPerceptionSensor.Perceive":{"count":1141974,"self":6.7863327999999994,"total":6.7863327999999994,"children":null}}}}}},"gauges":{"myTrain_nofit.CumulativeReward":{"count":570987,"max":4.5,"min":-1.2,"runningAverage":-0.292572737,"value":-0.6,"weightedAverage":-0.553010762}},"metadata":{"timer_format_version":"0.1.0","start_time_seconds":"1658835203","unity_version":"2021.3.1f1","command_line_arguments":"D:\\unitys version\\2021.3.1f1\\Editor\\Unity.exe -projectpath C:\\Users\\Moises\\Documents\\GitHub\\AI_VBall -useHub -hubIPC -cloudEnvironment production -licensingIpc LicenseClient-ILEmQBl24V5PvI9YtiRR- -hubSessionId 1fe0f200-0cd0-11ed-bf48-d1f341c8d9f8 -accessToken nTf8XGaBArCXTeOVMusdA32JcXvig0eiQmRqdCdJ9kc006f","communication_protocol_version":"1.5.0","com.unity.ml-agents_version":"2.0.1","scene_name":"SuperarOVerFiting","end_time_seconds":"1658850252"}}